<?xml version="1.0" encoding="UTF-8"?>
<project-private xmlns="http://www.netbeans.org/ns/project-private/1">
    <editor-bookmarks xmlns="http://www.netbeans.org/ns/editor-bookmarks/2" lastBookmarkId="0"/>
    <open-files xmlns="http://www.netbeans.org/ns/projectui-open-files/2">
        <group>
            <file>file:/C:/Users/FranciscoJavier/Documents/GitHub/grado_informatica-SG/P1/SistemaSolar/src/Model/Universo.java</file>
            <file>file:/C:/Users/FranciscoJavier/Documents/GitHub/grado_informatica-SG/P1/SistemaSolar/src/Model/Sol.java</file>
            <file>file:/C:/Users/FranciscoJavier/Documents/GitHub/grado_informatica-SG/P1/SistemaSolar/src/GUI/Visualization.java</file>
            <file>file:/C:/Users/FranciscoJavier/Documents/GitHub/grado_informatica-SG/P1/SistemaSolar/src/Model/Escena.java</file>
            <file>file:/C:/Users/FranciscoJavier/Documents/GitHub/grado_informatica-SG/P1/SistemaSolar/src/Model/Fondo.java</file>
            <file>file:/C:/Users/FranciscoJavier/Documents/GitHub/grado_informatica-SG/P1/SistemaSolar/src/Model/Astro.java</file>
            <file>file:/C:/Users/FranciscoJavier/Documents/GitHub/grado_informatica-SG/P1/SistemaSolar/src/Model/Nave.java</file>
            <file>file:/C:/Users/FranciscoJavier/Documents/GitHub/grado_informatica-SG/P1/SistemaSolar/src/GUI/ControlWindow.java</file>
            <file>file:/C:/Users/FranciscoJavier/Documents/GitHub/grado_informatica-SG/P1/SistemaSolar/src/Model/Anillo.java</file>
            <file>file:/C:/Users/FranciscoJavier/Documents/GitHub/grado_informatica-SG/P1/SistemaSolar/src/SistemaSolar/SistemaSolar.java</file>
        </group>
    </open-files>
</project-private>
